drug1	drug2	synergy_score	module	comparison
PACLITAXEL	PENTOXIFYLLINE	0.785620942482419	M5	pbta_qSig
DANAZOL	PACLITAXEL	0.656908960420785	M5	pbta_qSig
NALTREXONE	PACLITAXEL	0.632325975086674	M5	pbta_qSig
PACLITAXEL	PINACIDIL	0.578162928801907	M5	pbta_qSig
PACLITAXEL	TOLAZAMIDE	0.551882795674548	M5	pbta_qSig
PACLITAXEL	RAMIPRIL	0.533101070696205	M5	pbta_qSig
PACLITAXEL	GLIMEPIRIDE	0.499322529419829	M5	pbta_qSig
PACLITAXEL	AXITINIB	0.455738917777855	M5	pbta_qSig
PACLITAXEL	PENTOXIFYLLINE	0.430673831113245	M4	pbta_qSig
PACLITAXEL	BOSUTINIB	0.422448236859225	M5	pbta_qSig
PACLITAXEL	LETROZOLE	0.420840552579732	M4	pbta_qSig
PACLITAXEL	OXAPROZIN	0.413965224433523	M4	pbta_qSig
PACLITAXEL	FELBAMATE	0.395183907886616	M5	pbta_qSig
PACLITAXEL	CLOZAPINE	0.37265749405797	M4	pbta_qSig
PACLITAXEL	AMOXAPINE	0.368311022522865	M5	pbta_qSig
PACLITAXEL	AXITINIB	0.360000001452741	M4	pbta_qSig
PACLITAXEL	ZAFIRLUKAST	0.341740019392402	M5	pbta_qSig
PACLITAXEL	CHLORPROTHIXENE	0.337534713986471	M4	pbta_qSig
PACLITAXEL	BOSUTINIB	0.319679471058181	M4	pbta_qSig
PACLITAXEL	FELBAMATE	0.305588027056915	M4	pbta_qSig
PACLITAXEL	CABERGOLINE	0.28380837908216	M4	pbta_qSig
DANAZOL	PENTOXIFYLLINE	0.283235263097147	M5	pbta_qSig
NALTREXONE	PENTOXIFYLLINE	0.273378350906061	M5	pbta_qSig
PACLITAXEL	ADAPALENE	0.266175640998983	M4	pbta_qSig
PENTOXIFYLLINE	RAMIPRIL	0.256213406119719	M5	pbta_qSig
PINACIDIL	PENTOXIFYLLINE	0.249319243379069	M5	pbta_qSig
PACLITAXEL	PROBENECID	0.248430598265717	M4	pbta_qSig
CLOFIBRATE	CAFFEINE	0.245784857870771	M5	gtex_qSig
TOLAZAMIDE	PENTOXIFYLLINE	0.237986550498202	M5	pbta_qSig
BELINOSTAT	CAFFEINE	0.231860708888528	M5	gtex_qSig
PACLITAXEL	AMOXAPINE	0.231030428725765	M4	pbta_qSig
PENTOXIFYLLINE	GLIMEPIRIDE	0.215321164736468	M5	pbta_qSig
FLUTAMIDE	CAFFEINE	0.21187107929919	M5	gtex_qSig
CLOZAPINE	THIORIDAZINE	0.202017525702217	M1	gtex_qSig
PENTOXIFYLLINE	AXITINIB	0.200461565594513	M5	pbta_qSig
VORINOSTAT	CAFFEINE	0.195776315605621	M5	gtex_qSig
PENTOXIFYLLINE	BOSUTINIB	0.183032744199498	M5	pbta_qSig
CLOZAPINE	CHLORPROTHIXENE	0.173157879173329	M1	pbta_qSig
PENTOXIFYLLINE	FELBAMATE	0.170844228844501	M5	pbta_qSig
CAFFEINE	THIORIDAZINE	0.163176413160467	M5	gtex_qSig
LEVONORGESTREL	CHLORPROMAZINE	0.160927716261359	M1	pbta_hgg_qSig
PENTOXIFYLLINE	AMOXAPINE	0.158996099236337	M5	pbta_qSig
DANAZOL	LEVONORGESTREL	0.156786000023861	M9	pbta_qSig
CAFFEINE	TENIPOSIDE	0.156744430907277	M5	gtex_qSig
CLOZAPINE	CABERGOLINE	0.154605249261901	M1	pbta_qSig
CLOZAPINE	CABERGOLINE	0.151513144276663	M1	gtex_qSig
PENTOXIFYLLINE	ZAFIRLUKAST	0.147410475917989	M5	pbta_qSig
BELINOSTAT	CLOZAPINE	0.147402409514354	M1	gtex_qSig
CLOFIBRATE	CLOZAPINE	0.145407029550027	M1	gtex_qSig
CHLORPROTHIXENE	CABERGOLINE	0.144298232644441	M1	pbta_qSig
SIROLIMUS	CHLORPROMAZINE	0.1404559395569	M1	pbta_hgg_qSig
SIROLIMUS	CLOZAPINE	0.140251936739824	M1	gtex_qSig
DANAZOL	CLOZAPINE	0.139376995333349	M1	pbta_qSig
CAFFEINE	ETOPOSIDE	0.139328383028691	M5	gtex_qSig
CLOZAPINE	AMOXAPINE	0.138074400803441	M1	pbta_qSig
PACLITAXEL	CLOZAPINE	0.137323027606685	M1	pbta_qSig
DANAZOL	CHLORPROTHIXENE	0.130085195644459	M1	pbta_qSig
CHLORPROTHIXENE	AMOXAPINE	0.128869440749878	M1	pbta_qSig
PACLITAXEL	CHLORPROTHIXENE	0.128168159099573	M1	pbta_qSig
CHLORPROMAZINE	DIAZOXIDE	0.128113687395877	M1	pbta_hgg_qSig
NALTREXONE	CLOZAPINE	0.125180012001484	M1	pbta_qSig
LEVONORGESTREL	CLOZAPINE	0.122015075196583	M1	pbta_qSig
SIROLIMUS	CLOZAPINE	0.121777191826044	M1	pbta_qSig
THIORIDAZINE	CABERGOLINE	0.12121051542133	M1	gtex_qSig
CLOZAPINE	FLUTAMIDE	0.120340914587807	M1	gtex_qSig
CHLORPROMAZINE	OXAPROZIN	0.119324738148956	M1	pbta_hgg_qSig
PINACIDIL	CLOZAPINE	0.118552581873935	M1	pbta_qSig
BELINOSTAT	THIORIDAZINE	0.117921927611483	M1	gtex_qSig
NALTREXONE	CHLORPROTHIXENE	0.116834677868052	M1	pbta_qSig
CHLORPROMAZINE	AXITINIB	0.116470321473699	M1	pbta_hgg_qSig
CLOFIBRATE	THIORIDAZINE	0.116325623640021	M1	gtex_qSig
DANAZOL	CABERGOLINE	0.116147496111124	M1	pbta_qSig
CLOZAPINE	VORINOSTAT	0.115526613326351	M1	gtex_qSig
CABERGOLINE	AMOXAPINE	0.115062000669534	M1	pbta_qSig
CLOZAPINE	TENIPOSIDE	0.11474512680382	M1	gtex_qSig
PACLITAXEL	CABERGOLINE	0.114435856338904	M1	pbta_qSig
PENTOXIFYLLINE	CLOZAPINE	0.114119217991852	M1	pbta_qSig
LEVONORGESTREL	CHLORPROTHIXENE	0.113880736850144	M1	pbta_qSig
SIROLIMUS	CHLORPROTHIXENE	0.113658712370974	M1	pbta_qSig
CHLORPROMAZINE	TETRABENAZINE	0.112457785020235	M1	pbta_hgg_qSig
TOLAZAMIDE	CLOZAPINE	0.112298569945366	M1	pbta_qSig
SIROLIMUS	THIORIDAZINE	0.112201549391859	M1	gtex_qSig
PINACIDIL	CHLORPROTHIXENE	0.110649076415673	M1	pbta_qSig
CLOZAPINE	CAFFEINE	0.107907747219514	M1	gtex_qSig
CLOZAPINE	ETOPOSIDE	0.107095451683565	M1	gtex_qSig
PENTOXIFYLLINE	CHLORPROTHIXENE	0.106511270125729	M1	pbta_qSig
GLIMEPIRIDE	CLOZAPINE	0.105881508805631	M1	pbta_qSig
DANAZOL	AMOXAPINE	0.104972897896846	M1	pbta_qSig
TOLAZAMIDE	CHLORPROTHIXENE	0.104811998615675	M1	pbta_qSig
NALTREXONE	CABERGOLINE	0.104316676667903	M1	pbta_qSig
CLOZAPINE	AXITINIB	0.103968951357074	M1	pbta_qSig
PACLITAXEL	AMOXAPINE	0.103264476751996	M1	pbta_qSig
OXAPROZIN	CLOZAPINE	0.101864522362721	M1	pbta_qSig
LEVONORGESTREL	CABERGOLINE	0.101679229330485	M1	pbta_qSig
SIROLIMUS	CABERGOLINE	0.10148099318837	M1	pbta_qSig
DANAZOL	PENTOXIFYLLINE	0.0988421444432908	M9	pbta_qSig
GLIMEPIRIDE	CHLORPROTHIXENE	0.098822741551922	M1	pbta_qSig
PINACIDIL	CABERGOLINE	0.0987938182282794	M1	pbta_qSig
TOLCAPONE	CLOZAPINE	0.0972236713217134	M1	pbta_qSig
AXITINIB	CHLORPROTHIXENE	0.0970376879332693	M1	pbta_qSig
FLUTAMIDE	THIORIDAZINE	0.096272731670246	M1	gtex_qSig
DANAZOL	PACLITAXEL	0.0961348603591484	M9	pbta_qSig
PENTOXIFYLLINE	CABERGOLINE	0.0950993483265435	M1	pbta_qSig
OXAPROZIN	CHLORPROTHIXENE	0.0950735542052061	M1	pbta_qSig
CHLORPROMAZINE	PHENTERMINE	0.094677873209602	M1	pbta_hgg_qSig
NALTREXONE	AMOXAPINE	0.0944943840717129	M1	pbta_qSig
TOLAZAMIDE	CABERGOLINE	0.0935821416211382	M1	pbta_qSig
CHLORPROMAZINE	DANAZOL	0.0934471762126444	M1	pbta_hgg_qSig
VORINOSTAT	THIORIDAZINE	0.0924212906610807	M1	gtex_qSig
SIROLIMUS	AMOXAPINE	0.0919315898946245	M1	pbta_qSig
LEVONORGESTREL	AMOXAPINE	0.0919038595543895	M1	pbta_qSig
THIORIDAZINE	TENIPOSIDE	0.0917961014430561	M1	gtex_qSig
DANAZOL	NORETHINDRONE	0.0907708421190776	M9	pbta_qSig
TOLCAPONE	CHLORPROTHIXENE	0.0907420932335991	M1	pbta_qSig
PINACIDIL	AMOXAPINE	0.0894320904995471	M1	pbta_qSig
LEVONORGESTREL	PENTOXIFYLLINE	0.0894286068772631	M9	pbta_qSig
BELINOSTAT	CABERGOLINE	0.0884414457086122	M1	gtex_qSig
GLIMEPIRIDE	CABERGOLINE	0.0882345906713589	M1	pbta_qSig
CLOFIBRATE	CABERGOLINE	0.0872442177300161	M1	gtex_qSig
PACLITAXEL	LEVONORGESTREL	0.0869791593725628	M9	pbta_qSig
AXITINIB	CABERGOLINE	0.0866407927975619	M1	pbta_qSig
CAFFEINE	THIORIDAZINE	0.0863261977756108	M1	gtex_qSig
PENTOXIFYLLINE	AMOXAPINE	0.0859787788407226	M1	pbta_qSig
CLOZAPINE	BOSUTINIB	0.0857924239293971	M1	pbta_qSig
THIORIDAZINE	ETOPOSIDE	0.0856763613468524	M1	gtex_qSig
LEVONORGESTREL	DANAZOL	0.0855839368551303	M9	pbta_hgg_qSig
OXAPROZIN	CABERGOLINE	0.0848871019689341	M1	pbta_qSig
TOLAZAMIDE	AMOXAPINE	0.084711029655065	M1	pbta_qSig
SIROLIMUS	CABERGOLINE	0.0841511620438943	M1	gtex_qSig
CLOZAPINE	NICOTINE	0.0823157414816428	M1	gtex_qSig
LEVONORGESTREL	NORETHINDRONE	0.0821260000124988	M9	pbta_qSig
CLOZAPINE	FELBAMATE	0.081104951974405	M1	pbta_qSig
TOLCAPONE	CABERGOLINE	0.0810197261014278	M1	pbta_qSig
CHLORPROMAZINE	TOLAZAMIDE	0.0801811789409912	M1	pbta_hgg_qSig
CHLORPROTHIXENE	BOSUTINIB	0.0800729290007707	M1	pbta_qSig
GLIMEPIRIDE	AMOXAPINE	0.0798703993890613	M1	pbta_qSig
AXITINIB	AMOXAPINE	0.0781982863997241	M1	pbta_qSig
CLOZAPINE	ADAPALENE	0.0774461713861082	M1	pbta_qSig
OXAPROZIN	AMOXAPINE	0.0768572166158284	M1	pbta_qSig
CHLORPROTHIXENE	FELBAMATE	0.0756979551761113	M1	pbta_qSig
TOLCAPONE	AMOXAPINE	0.073386533137324	M1	pbta_qSig
CHLORPROTHIXENE	ADAPALENE	0.072283093293701	M1	pbta_qSig
FLUTAMIDE	CABERGOLINE	0.0722045487526845	M1	gtex_qSig
BOSUTINIB	CABERGOLINE	0.0714936866078309	M1	pbta_qSig
CLOZAPINE	PROBENECID	0.0714179447730074	M1	pbta_qSig
CLOZAPINE	NORETHINDRONE	0.0711754605313398	M1	pbta_qSig
DANAZOL	TOLCAPONE	0.0705753439578351	M9	pbta_qSig
VORINOSTAT	CABERGOLINE	0.0693159679958105	M1	gtex_qSig
TENIPOSIDE	CABERGOLINE	0.0688470760822921	M1	gtex_qSig
LEVONORGESTREL	CHLORPROMAZINE	0.068722456639072	M9	pbta_hgg_qSig
FELBAMATE	CABERGOLINE	0.0675874599786708	M1	pbta_qSig
CHLORPROTHIXENE	PROBENECID	0.0666567484548069	M1	pbta_qSig
CHLORPROTHIXENE	NORETHINDRONE	0.0664304298292505	M1	pbta_qSig
DANAZOL	CLOZAPINE	0.0662613218283064	M9	pbta_qSig
THIORIDAZINE	NICOTINE	0.0658525931853142	M1	gtex_qSig
DANAZOL	RAMIPRIL	0.0658271959852881	M5	pbta_qSig
CAFFEINE	CABERGOLINE	0.0647446483317081	M1	gtex_qSig
BOSUTINIB	AMOXAPINE	0.0647340475225629	M1	pbta_qSig
CABERGOLINE	ADAPALENE	0.0645384761550901	M1	pbta_qSig
NALTREXONE	RAMIPRIL	0.0645193566453966	M5	pbta_qSig
ETOPOSIDE	CABERGOLINE	0.0642572710101393	M1	gtex_qSig
LEVONORGESTREL	TOLCAPONE	0.0638538826285175	M9	pbta_qSig
LEVONORGESTREL	DIAZOXIDE	0.0625475945956405	M9	pbta_hgg_qSig
DANAZOL	AXITINIB	0.0621199892140372	M9	pbta_qSig
FELBAMATE	AMOXAPINE	0.0612291753738031	M1	pbta_qSig
LEVONORGESTREL	CLOZAPINE	0.05995071974942	M9	pbta_qSig
CABERGOLINE	PROBENECID	0.0595149539775062	M1	pbta_qSig
CABERGOLINE	NORETHINDRONE	0.0593128837761165	M1	pbta_qSig
ADAPALENE	AMOXAPINE	0.0584112841788542	M1	pbta_qSig
PINACIDIL	RAMIPRIL	0.0579929231352752	M5	pbta_qSig
DANAZOL	CHLORPROTHIXENE	0.0579786565997681	M9	pbta_qSig
LEVONORGESTREL	AXITINIB	0.0562037997650813	M9	pbta_qSig
TOLAZAMIDE	RAMIPRIL	0.0553568811745809	M5	pbta_qSig
DANAZOL	BOSUTINIB	0.0542087677629571	M9	pbta_qSig
PROBENECID	AMOXAPINE	0.0539231919474813	M1	pbta_qSig
AMOXAPINE	NORETHINDRONE	0.0536105847400605	M1	pbta_qSig
LEVONORGESTREL	CHLORPROTHIXENE	0.0524568797807425	M9	pbta_qSig
RAMIPRIL	AXITINIB	0.051837921289604	M5	pbta_qSig
PENTOXIFYLLINE	NORETHINDRONE	0.0517744566131523	M9	pbta_qSig
LEVONORGESTREL	AXITINIB	0.051541842479304	M9	pbta_hgg_qSig
PACLITAXEL	NORETHINDRONE	0.0503563554262206	M9	pbta_qSig
GLIMEPIRIDE	RAMIPRIL	0.0500847972531922	M5	pbta_qSig
DANAZOL	FELBAMATE	0.0499421552947524	M9	pbta_qSig
NICOTINE	CABERGOLINE	0.0493894448889857	M1	gtex_qSig
LEVONORGESTREL	BOSUTINIB	0.0490460279760088	M9	pbta_qSig
LEVONORGESTREL	FELBAMATE	0.045185759552395	M9	pbta_qSig
RAMIPRIL	BOSUTINIB	0.0437153636661757	M5	pbta_qSig
DANAZOL	PACLITAXEL	0.0430523606846563	M1	pbta_qSig
RAMIPRIL	FELBAMATE	0.0403090814787648	M5	pbta_qSig
CHLORPROMAZINE	DANAZOL	0.0381791425772622	M9	pbta_hgg_qSig
PACLITAXEL	LEVONORGESTREL	0.0373400870566532	M1	pbta_qSig
PACLITAXEL	AXITINIB	0.0372729521566037	M1	pbta_qSig
RAMIPRIL	AMOXAPINE	0.0372091464635025	M5	pbta_qSig
TOLCAPONE	NORETHINDRONE	0.036968037311247	M9	pbta_qSig
PACLITAXEL	PENTOXIFYLLINE	0.035075631886439	M9	pbta_qSig
DIAZOXIDE	DANAZOL	0.0347486636642447	M9	pbta_hgg_qSig
CLOZAPINE	NORETHINDRONE	0.0347083114338748	M9	pbta_qSig
RAMIPRIL	ZAFIRLUKAST	0.0343454671090756	M5	pbta_qSig
PACLITAXEL	PENTOXIFYLLINE	0.0338504646820884	M1	pbta_qSig
LETROZOLE	OXAPROZIN	0.0334191149396434	M4	pbta_qSig
AXITINIB	NORETHINDRONE	0.0325390419692576	M9	pbta_qSig
BELINOSTAT	TENIPOSIDE	0.0321731884166565	M1	gtex_qSig
DANAZOL	AXITINIB	0.0317211405137052	M1	pbta_qSig
CHLORPROTHIXENE	NORETHINDRONE	0.0303697725046404	M9	pbta_qSig
BELINOSTAT	ETOPOSIDE	0.0300283091888794	M1	gtex_qSig
DANAZOL	LEVONORGESTREL	0.0297431999545937	M1	pbta_qSig
PACLITAXEL	PINACIDIL	0.0296983638055866	M1	pbta_qSig
LEVONORGESTREL	AXITINIB	0.028692603675983	M1	pbta_hgg_qSig
AXITINIB	DANAZOL	0.0286343569329467	M9	pbta_hgg_qSig
BOSUTINIB	NORETHINDRONE	0.0283950688282156	M9	pbta_qSig
NALTREXONE	PACLITAXEL	0.0283254135066744	M1	pbta_qSig
PACLITAXEL	TOLAZAMIDE	0.0282884121141589	M1	pbta_qSig
TENIPOSIDE	ETOPOSIDE	0.0280691762832683	M1	gtex_qSig
LEVONORGESTREL	AXITINIB	0.0275001406792864	M1	pbta_qSig
PENTOXIFYLLINE	OXAPROZIN	0.0274236795565026	M4	pbta_qSig
SIROLIMUS	PACLITAXEL	0.027271072993497	M1	pbta_qSig
PACLITAXEL	GLIMEPIRIDE	0.0266719314219213	M1	pbta_qSig
DANAZOL	PENTOXIFYLLINE	0.0265639026718736	M1	pbta_qSig
BELINOSTAT	CELECOXIB	0.0262428001547596	M4	gtex_qSig
FELBAMATE	NORETHINDRONE	0.0261601765829655	M9	pbta_qSig
PENTOXIFYLLINE	AXITINIB	0.0248923545671625	M1	pbta_qSig
PACLITAXEL	OXAPROZIN	0.0248396469699489	M1	pbta_qSig
OXAPROZIN	AXITINIB	0.0238255914257852	M4	pbta_qSig
CLOFIBRATE	TENIPOSIDE	0.0232120230892106	M1	gtex_qSig
SIROLIMUS	TENIPOSIDE	0.0230780186586588	M1	gtex_qSig
LEVONORGESTREL	PENTOXIFYLLINE	0.0229110466842608	M1	pbta_qSig
PACLITAXEL	TOLCAPONE	0.0222171340270529	M1	pbta_qSig
PACLITAXEL	NORETHINDRONE	0.0217817174497144	M1	pbta_qSig
CLOFIBRATE	ETOPOSIDE	0.0216645548832632	M1	gtex_qSig
PINACIDIL	AXITINIB	0.0216406258745031	M1	pbta_qSig
SIROLIMUS	ETOPOSIDE	0.0215394840814149	M1	gtex_qSig
DANAZOL	PINACIDIL	0.0212052719651036	M1	pbta_qSig
CLOZAPINE	CELECOXIB	0.021133084916375	M4	gtex_qSig
PACLITAXEL	BOSUTINIB	0.0207611474996395	M1	pbta_qSig
TOLAZAMIDE	AXITINIB	0.020619956862668	M1	pbta_qSig
NALTREXONE	AXITINIB	0.0205098278857937	M1	pbta_qSig
OXAPROZIN	CLOZAPINE	0.0203154644257552	M4	pbta_qSig
DANAZOL	TOLAZAMIDE	0.0202698298931367	M1	pbta_qSig
PENTOXIFYLLINE	TOLCAPONE	0.0202663265199523	M9	pbta_qSig
CHLORPROMAZINE	OXAPROZIN	0.0199684157314158	M4	pbta_hgg_qSig
PACLITAXEL	ADAPALENE	0.0199569227386139	M1	pbta_qSig
OXAPROZIN	FELBAMATE	0.019889215435352	M4	pbta_qSig
SIROLIMUS	AXITINIB	0.0197328729757592	M1	pbta_qSig
VORINOSTAT	TENIPOSIDE	0.0194632868069557	M1	gtex_qSig
GLIMEPIRIDE	AXITINIB	0.0194416736133727	M1	pbta_qSig
FLUTAMIDE	TENIPOSIDE	0.0193416975759477	M1	gtex_qSig
DANAZOL	GLIMEPIRIDE	0.0191115538992431	M1	pbta_qSig
PENTOXIFYLLINE	CLOZAPINE	0.018934877115712	M9	pbta_qSig
DANAZOL	NALTREXONE	0.0188451984604698	M1	pbta_qSig
OXAPROZIN	CHLORPROTHIXENE	0.0187048589480984	M4	pbta_qSig
LEVONORGESTREL	DANAZOL	0.0185731774838411	M1	pbta_hgg_qSig
DIAZOXIDE	AXITINIB	0.0185000123971707	M1	pbta_hgg_qSig
LEVONORGESTREL	DIAZOXIDE	0.0182872907630967	M1	pbta_hgg_qSig
PINACIDIL	LEVONORGESTREL	0.0181694349687051	M1	pbta_qSig
VORINOSTAT	ETOPOSIDE	0.0181657343531587	M1	gtex_qSig
PACLITAXEL	FELBAMATE	0.0180795813990296	M1	pbta_qSig
OXAPROZIN	AXITINIB	0.0180710246447842	M1	pbta_qSig
FLUTAMIDE	ETOPOSIDE	0.0180522510708846	M1	gtex_qSig
CELECOXIB	CAFFEINE	0.0180055438340867	M4	gtex_qSig
SIROLIMUS	AXITINIB	0.018004545480641	M1	pbta_hgg_qSig
DANAZOL	SIROLIMUS	0.0180005313359072	M1	pbta_qSig
PENTOXIFYLLINE	AXITINIB	0.01775144729598	M9	pbta_qSig
SIROLIMUS	BELINOSTAT	0.0177443813100283	M1	gtex_qSig
OXAPROZIN	BOSUTINIB	0.0176409656638349	M4	pbta_qSig
CAFFEINE	TENIPOSIDE	0.0174814524039281	M1	gtex_qSig
DANAZOL	OXAPROZIN	0.0174275262091386	M1	pbta_qSig
LEVONORGESTREL	TOLAZAMIDE	0.0173723862371254	M1	pbta_qSig
DANAZOL	NORETHINDRONE	0.017350199973513	M1	pbta_qSig
CLOFIBRATE	BELINOSTAT	0.017269949112251	M1	gtex_qSig
PENTOXIFYLLINE	LETROZOLE	0.0172065883996061	M4	pbta_qSig
BELINOSTAT	CLOZAPINE	0.017026600657734	M9	gtex_qSig
CELECOXIB	THIORIDAZINE	0.0169969252951932	M4	gtex_qSig
AXITINIB	DANAZOL	0.0168244767385685	M1	pbta_hgg_qSig
OXAPROZIN	AXITINIB	0.016745881081123	M1	pbta_hgg_qSig
PENTOXIFYLLINE	CHLORPROTHIXENE	0.016568017476248	M9	pbta_qSig
LEVONORGESTREL	SIROLIMUS	0.0164692481963802	M1	pbta_hgg_qSig
TETRABENAZINE	AXITINIB	0.0164615115025218	M1	pbta_hgg_qSig
LEVONORGESTREL	TETRABENAZINE	0.0164018419134751	M1	pbta_hgg_qSig
LEVONORGESTREL	GLIMEPIRIDE	0.0163796784521468	M1	pbta_qSig
CAFFEINE	ETOPOSIDE	0.0163160222436662	M1	gtex_qSig
LEVONORGESTREL	OXAPROZIN	0.0162705096839981	M1	pbta_hgg_qSig
BELINOSTAT	TENIPOSIDE	0.0161790262416653	M5	gtex_qSig
TOLCAPONE	AXITINIB	0.0160973065647013	M1	pbta_qSig
NALTREXONE	LEVONORGESTREL	0.0160607027477079	M1	pbta_qSig
AXITINIB	NORETHINDRONE	0.0160417487295837	M1	pbta_qSig
PINACIDIL	PENTOXIFYLLINE	0.0157820902184495	M1	pbta_qSig
PENTOXIFYLLINE	BOSUTINIB	0.0157029680371945	M9	pbta_qSig
PACLITAXEL	PROBENECID	0.0155770674043997	M1	pbta_qSig
OXAPROZIN	TETRABENAZINE	0.0154727337114636	M4	pbta_hgg_qSig
OXAPROZIN	CABERGOLINE	0.0153718457101993	M4	pbta_qSig
LETROZOLE	AXITINIB	0.0153555544827063	M4	pbta_qSig
BELINOSTAT	VORINOSTAT	0.0153319103198428	M1	gtex_qSig
SIROLIMUS	LEVONORGESTREL	0.0153312013285315	M1	pbta_qSig
CLOFIBRATE	TENIPOSIDE	0.0151768553353288	M5	gtex_qSig
TOLAZAMIDE	PENTOXIFYLLINE	0.0151038047663597	M1	pbta_qSig
AXITINIB	BOSUTINIB	0.0150968524570264	M1	pbta_qSig
CELECOXIB	TENIPOSIDE	0.0150874779579198	M4	gtex_qSig
LEVONORGESTREL	NORETHINDRONE	0.0149790140192195	M1	pbta_qSig
LEVONORGESTREL	OXAPROZIN	0.0149131775120068	M1	pbta_qSig
BELINOSTAT	THIORIDAZINE	0.0148982755755172	M9	gtex_qSig
DANAZOL	TOLCAPONE	0.0148908835683007	M1	pbta_qSig
TENIPOSIDE	ETOPOSIDE	0.0148386982526466	M5	gtex_qSig
AXITINIB	ADAPALENE	0.0145661221105201	M1	pbta_qSig
OXAPROZIN	ADAPALENE	0.0145037566896343	M4	pbta_qSig
DANAZOL	ADAPALENE	0.0145026101294129	M1	pbta_qSig
BELINOSTAT	FLUTAMIDE	0.014499646995882	M1	gtex_qSig
DANAZOL	BOSUTINIB	0.014491593926291	M1	pbta_qSig
PENTOXIFYLLINE	FELBAMATE	0.0144121554855177	M9	pbta_qSig
BELINOSTAT	ETOPOSIDE	0.014381356659258	M5	gtex_qSig
PENTOXIFYLLINE	GLIMEPIRIDE	0.014240730208282	M1	pbta_qSig
OXAPROZIN	AXITINIB	0.0137267896055376	M4	pbta_hgg_qSig
NALTREXONE	PENTOXIFYLLINE	0.0136787855959047	M1	pbta_qSig
CELECOXIB	ETOPOSIDE	0.0135787301621278	M4	gtex_qSig
OXAPROZIN	PROBENECID	0.013536839576992	M4	pbta_qSig
CLOFIBRATE	ETOPOSIDE	0.0134905380758478	M5	gtex_qSig
PENTOXIFYLLINE	NORETHINDRONE	0.0133647772324855	M1	pbta_qSig
BELINOSTAT	CAFFEINE	0.0132193805561539	M1	gtex_qSig
TENIPOSIDE	NICOTINE	0.0132167088089267	M1	gtex_qSig
AXITINIB	FELBAMATE	0.013078067493425	M1	pbta_qSig
SIROLIMUS	PENTOXIFYLLINE	0.0130270534305502	M1	pbta_qSig
PENTOXIFYLLINE	OXAPROZIN	0.0128929429397953	M1	pbta_qSig
OXAPROZIN	AMOXAPINE	0.0128734108744659	M4	pbta_qSig
AXITINIB	PHENTERMINE	0.0127987680987622	M1	pbta_hgg_qSig
BELINOSTAT	TENIPOSIDE	0.0127699504933005	M9	gtex_qSig
LEVONORGESTREL	TOLCAPONE	0.0126980390541496	M1	pbta_qSig
LETROZOLE	FELBAMATE	0.0126732050666183	M4	pbta_qSig
LEVONORGESTREL	ADAPALENE	0.0124422186708861	M1	pbta_qSig
LEVONORGESTREL	BOSUTINIB	0.0123960733487774	M1	pbta_qSig
ETOPOSIDE	NICOTINE	0.0123355948883316	M1	gtex_qSig
FLUTAMIDE	TENIPOSIDE	0.0122185311967421	M5	gtex_qSig
LEVONORGESTREL	PHENTERMINE	0.0121425001659224	M1	pbta_hgg_qSig
CELECOXIB	CABERGOLINE	0.0119928782050099	M4	gtex_qSig
DANAZOL	FELBAMATE	0.0118912360363407	M1	pbta_qSig
AXITINIB	TOLAZAMIDE	0.0116467204624311	M1	pbta_hgg_qSig
LEVONORGESTREL	TOLAZAMIDE	0.0115526368476884	M1	pbta_hgg_qSig
VORINOSTAT	TENIPOSIDE	0.011444744611994	M5	gtex_qSig
PACLITAXEL	TOLCAPONE	0.0114359663956627	M9	pbta_qSig
AXITINIB	PROBENECID	0.011251274310747	M1	pbta_qSig
LETROZOLE	CLOZAPINE	0.0112082253368259	M4	pbta_qSig
CHLORPROMAZINE	AXITINIB	0.0111444037072393	M5	pbta_hgg_qSig
NALTREXONE	AXITINIB	0.0111136330539416	M5	pbta_qSig
FLUTAMIDE	ETOPOSIDE	0.0108609166193263	M5	gtex_qSig
PENTOXIFYLLINE	ADAPALENE	0.0108571907674563	M1	pbta_qSig
DIAZOXIDE	DANAZOL	0.0108494949824884	M1	pbta_hgg_qSig
PENTOXIFYLLINE	TOLCAPONE	0.0108381091267979	M1	pbta_qSig
PENTOXIFYLLINE	BOSUTINIB	0.0107018848827505	M1	pbta_qSig
BELINOSTAT	ETOPOSIDE	0.0106416254110837	M9	gtex_qSig
PACLITAXEL	CLOZAPINE	0.0106084707676739	M9	pbta_qSig
PINACIDIL	NORETHINDRONE	0.010598837065078	M1	pbta_qSig
LETROZOLE	CHLORPROTHIXENE	0.010479712356428	M4	pbta_qSig
PENTOXIFYLLINE	AXITINIB	0.0103585889787378	M6	pbta_qSig
DANAZOL	AXITINIB	0.0102729265323559	M5	pbta_qSig
VORINOSTAT	ETOPOSIDE	0.0101731063217724	M5	gtex_qSig
TOLAZAMIDE	NORETHINDRONE	0.0101338919716565	M1	pbta_qSig
LEVONORGESTREL	FELBAMATE	0.0101249897941387	M1	pbta_qSig
DIAZOXIDE	AXITINIB	0.010072003928792	M5	pbta_hgg_qSig
DANAZOL	PROBENECID	0.0100698875400475	M1	pbta_qSig
PACLITAXEL	AXITINIB	0.00994544134469429	M9	pbta_qSig
BELINOSTAT	NICOTINE	0.0098968931253509	M1	gtex_qSig
TETRABENAZINE	AXITINIB	0.00988858178672024	M5	pbta_hgg_qSig
PINACIDIL	TOLAZAMIDE	0.00986118472666051	M1	pbta_qSig
LETROZOLE	BOSUTINIB	0.0098451112050924	M4	pbta_qSig
SIROLIMUS	DANAZOL	0.00982970853776579	M1	pbta_hgg_qSig
TETRABENAZINE	DANAZOL	0.00972515481775208	M1	pbta_hgg_qSig
OXAPROZIN	DANAZOL	0.00966550262658517	M1	pbta_hgg_qSig
THIORIDAZINE	TENIPOSIDE	0.00956141003139266	M5	gtex_qSig
GLIMEPIRIDE	NORETHINDRONE	0.00955481243041896	M1	pbta_qSig
NALTREXONE	NORETHINDRONE	0.00936874326949628	M1	pbta_qSig
PINACIDIL	GLIMEPIRIDE	0.00929768845656562	M1	pbta_qSig
PACLITAXEL	CHLORPROTHIXENE	0.00928241192171467	M9	pbta_qSig
PENTOXIFYLLINE	AXITINIB	0.00925187784946897	M4	pbta_qSig
PINACIDIL	AXITINIB	0.00910155542401585	M5	pbta_qSig
PACLITAXEL	PENTOXIFYLLINE	0.00906844485573419	M6	pbta_qSig
PACLITAXEL	BOSUTINIB	0.00897313847726668	M9	pbta_qSig
TOLAZAMIDE	GLIMEPIRIDE	0.0089647700164778	M1	pbta_qSig
SIROLIMUS	NORETHINDRONE	0.00894320077497673	M1	pbta_qSig
OXAPROZIN	NORETHINDRONE	0.00869935354867064	M1	pbta_qSig
TOLAZAMIDE	AXITINIB	0.00868784835928786	M5	pbta_qSig
PENTOXIFYLLINE	FELBAMATE	0.00859421403390386	M1	pbta_qSig
LEVONORGESTREL	PROBENECID	0.00856222952651702	M1	pbta_qSig
THIORIDAZINE	ETOPOSIDE	0.0084990311390157	M5	gtex_qSig
LETROZOLE	CABERGOLINE	0.00842815127253481	M4	pbta_qSig
PENTOXIFYLLINE	BOSUTINIB	0.00833394067081265	M6	pbta_qSig
PENTOXIFYLLINE	TOLCAPONE	0.00819350691438908	M6	pbta_qSig
PACLITAXEL	FELBAMATE	0.00819079490768172	M9	pbta_qSig
NALTREXONE	PENTOXIFYLLINE	0.00818832844181103	M6	pbta_qSig
AXITINIB	BOSUTINIB	0.00807252242543289	M5	pbta_qSig
PINACIDIL	OXAPROZIN	0.00801884474476608	M1	pbta_qSig
LETROZOLE	ADAPALENE	0.00799825457870217	M4	pbta_qSig
GLIMEPIRIDE	AXITINIB	0.00786043422983187	M5	pbta_qSig
TOLAZAMIDE	OXAPROZIN	0.0077499118004595	M1	pbta_qSig
DIAZOXIDE	TETRABENAZINE	0.00771434490781391	M1	pbta_hgg_qSig
AXITINIB	ZAFIRLUKAST	0.00765604183033292	M5	pbta_hgg_qSig
PENTOXIFYLLINE	FELBAMATE	0.00746860096124996	M4	pbta_qSig
LETROZOLE	PROBENECID	0.00746503760678869	M4	pbta_qSig
TOLCAPONE	NORETHINDRONE	0.00740718944825396	M1	pbta_qSig
NALTREXONE	PINACIDIL	0.00737109875692643	M1	pbta_qSig
GLIMEPIRIDE	OXAPROZIN	0.0073070596975761	M1	pbta_qSig
PINACIDIL	ADAPALENE	0.00730639508259115	M1	pbta_qSig
CLOFIBRATE	BELINOSTAT	0.00729394879862313	M5	gtex_qSig
ADAPALENE	NORETHINDRONE	0.00725796089135023	M1	pbta_qSig
LETROZOLE	AMOXAPINE	0.00724910397272392	M4	pbta_qSig
BOSUTINIB	NORETHINDRONE	0.00723104278678684	M1	pbta_qSig
PENTOXIFYLLINE	PROBENECID	0.0072299979727532	M1	pbta_qSig
PHENTERMINE	DANAZOL	0.00722645560684515	M1	pbta_hgg_qSig
NALTREXONE	TOLAZAMIDE	0.00717830864000434	M1	pbta_qSig
DIAZOXIDE	OXAPROZIN	0.00716819702521995	M1	pbta_hgg_qSig
TOLAZAMIDE	ADAPALENE	0.00703484340009005	M1	pbta_qSig
PENTOXIFYLLINE	FELBAMATE	0.0069890774800034	M6	pbta_qSig
AXITINIB	FELBAMATE	0.00697533082473385	M4	pbta_qSig
AXITINIB	FELBAMATE	0.00693136625769476	M5	pbta_qSig
PENTOXIFYLLINE	CLOZAPINE	0.00689872915136537	M6	pbta_qSig
DANAZOL	TOLAZAMIDE	0.0068521912760701	M1	pbta_hgg_qSig
SIROLIMUS	PINACIDIL	0.00684972677500616	M1	pbta_qSig
NALTREXONE	GLIMEPIRIDE	0.00676811957486124	M1	pbta_qSig
SIROLIMUS	TOLAZAMIDE	0.00667997773603399	M1	pbta_qSig
AXITINIB	DANAZOL	0.00666938615690044	M5	pbta_hgg_qSig
BELINOSTAT	CAFFEINE	0.00666931606887783	M6	gtex_qSig
GLIMEPIRIDE	ADAPALENE	0.00663285234865633	M1	pbta_qSig
OXAPROZIN	TETRABENAZINE	0.00658832699898759	M1	pbta_hgg_qSig
PINACIDIL	BOSUTINIB	0.00657378784927979	M1	pbta_qSig
TOLAZAMIDE	BOSUTINIB	0.00635726013179768	M1	pbta_qSig
SIROLIMUS	GLIMEPIRIDE	0.00629826472254633	M1	pbta_qSig
PENTOXIFYLLINE	CHLORPROTHIXENE	0.00626613341638237	M6	pbta_qSig
PACLITAXEL	AXITINIB	0.00619701459914331	M6	pbta_qSig
AXITINIB	AMOXAPINE	0.0060795379747637	M5	pbta_qSig
SIROLIMUS	DIAZOXIDE	0.00602889880970189	M1	pbta_hgg_qSig
AXITINIB	BOSUTINIB	0.00601583428596954	M6	pbta_qSig
GLIMEPIRIDE	BOSUTINIB	0.00599398812426638	M1	pbta_qSig
PINACIDIL	TOLCAPONE	0.0059705680286461	M1	pbta_qSig
FELBAMATE	NORETHINDRONE	0.00590624404658089	M1	pbta_qSig
AXITINIB	TOLAZAMIDE	0.00587533562512864	M5	pbta_hgg_qSig
TOLAZAMIDE	TOLCAPONE	0.00580721155332726	M1	pbta_qSig
OXAPROZIN	ADAPALENE	0.00578509212450568	M1	pbta_qSig
SIROLIMUS	TETRABENAZINE	0.0056546719807933	M1	pbta_hgg_qSig
TOLCAPONE	AXITINIB	0.00561771263303454	M6	pbta_qSig
NALTREXONE	ADAPALENE	0.00551085239409836	M1	pbta_qSig
NALTREXONE	OXAPROZIN	0.00548508387823336	M1	pbta_qSig
GLIMEPIRIDE	TOLCAPONE	0.00547537089313713	M1	pbta_qSig
AXITINIB	ZAFIRLUKAST	0.0054508400381772	M5	pbta_qSig
NALTREXONE	AXITINIB	0.00540159526547181	M6	pbta_qSig
DIAZOXIDE	TOLAZAMIDE	0.00537301308349935	M1	pbta_hgg_qSig
SIROLIMUS	ADAPALENE	0.00515442518392345	M1	pbta_qSig
CHLORPROMAZINE	AXITINIB	0.00509893823684722	M6	pbta_hgg_qSig
OXAPROZIN	BOSUTINIB	0.00508474183476272	M1	pbta_qSig
BELINOSTAT	CLOZAPINE	0.00506864635630235	M6	gtex_qSig
SIROLIMUS	OXAPROZIN	0.00505641558084759	M1	pbta_qSig
DIAZOXIDE	PHENTERMINE	0.00499863544646981	M1	pbta_hgg_qSig
PROBENECID	NORETHINDRONE	0.00499463389046826	M1	pbta_qSig
AXITINIB	FELBAMATE	0.00497891747456729	M6	pbta_qSig
TETRABENAZINE	TOLAZAMIDE	0.00491215618267535	M1	pbta_hgg_qSig
BELINOSTAT	FLUTAMIDE	0.00486737696092519	M5	gtex_qSig
SIROLIMUS	OXAPROZIN	0.00482425803855387	M1	pbta_hgg_qSig
BOSUTINIB	ADAPALENE	0.00475655802873279	M1	pbta_qSig
BELINOSTAT	VORINOSTAT	0.0047513417958133	M5	gtex_qSig
CLOZAPINE	AXITINIB	0.00474970658539025	M4	pbta_qSig
PACLITAXEL	BOSUTINIB	0.00473482692379267	M6	pbta_qSig
TETRABENAZINE	PHENTERMINE	0.00462672969719719	M1	pbta_hgg_qSig
CLOZAPINE	AXITINIB	0.0046220426445145	M6	pbta_qSig
AXITINIB	CHLORPROTHIXENE	0.0045920814482846	M4	pbta_qSig
PENTOXIFYLLINE	CLOZAPINE	0.00458566457323042	M4	pbta_qSig
OXAPROZIN	TOLAZAMIDE	0.00457729165714639	M1	pbta_hgg_qSig
BELINOSTAT	CLOZAPINE	0.00450522180365066	M4	gtex_qSig
PENTOXIFYLLINE	CHLORPROTHIXENE	0.00450260805910725	M4	pbta_qSig
OXAPROZIN	TOLCAPONE	0.00447404616089842	M1	pbta_qSig
PINACIDIL	FELBAMATE	0.00446801200591206	M1	pbta_qSig
TOLCAPONE	ADAPALENE	0.0044382402218769	M1	pbta_qSig
PENTOXIFYLLINE	AMOXAPINE	0.00443295915672682	M6	pbta_qSig
NALTREXONE	BOSUTINIB	0.00442035043672794	M1	pbta_qSig
TOLAZAMIDE	FELBAMATE	0.00436016881835	M1	pbta_qSig
TOLCAPONE	BOSUTINIB	0.0043023823675774	M6	pbta_qSig
AXITINIB	BOSUTINIB	0.00427818656569986	M4	pbta_qSig
AXITINIB	CHLORPROTHIXENE	0.00424231661305689	M6	pbta_qSig
PENTOXIFYLLINE	BOSUTINIB	0.00417898102520737	M4	pbta_qSig
OXAPROZIN	PHENTERMINE	0.00413433100070435	M1	pbta_hgg_qSig
GLIMEPIRIDE	FELBAMATE	0.00411101631444429	M1	pbta_qSig
SIROLIMUS	BOSUTINIB	0.00406385378794699	M1	pbta_qSig
NALTREXONE	BOSUTINIB	0.00402098893042098	M6	pbta_qSig
BELINOSTAT	THIORIDAZINE	0.00399697593720377	M5	gtex_qSig
BELINOSTAT	THIORIDAZINE	0.00399253856434475	M4	gtex_qSig
BOSUTINIB	FELBAMATE	0.00391509362572892	M6	pbta_qSig
SIROLIMUS	TOLAZAMIDE	0.00388466397572438	M1	pbta_hgg_qSig
DIAZOXIDE	AXITINIB	0.0037868524452613	M6	pbta_hgg_qSig
BELINOSTAT	CAFFEINE	0.00373639297571541	M4	gtex_qSig
NALTREXONE	BOSUTINIB	0.00369553241871548	M5	pbta_qSig
CLOZAPINE	FELBAMATE	0.00369119228813288	M4	pbta_qSig
CHLORPROMAZINE	AXITINIB	0.00365188687500232	M4	pbta_hgg_qSig
PACLITAXEL	FELBAMATE	0.00365163292945617	M6	pbta_qSig
TOLCAPONE	BOSUTINIB	0.00361401740697116	M1	pbta_qSig
BELINOSTAT	THIORIDAZINE	0.00360654595658392	M6	gtex_qSig
CHLORPROTHIXENE	FELBAMATE	0.0035901688558263	M4	pbta_qSig
PINACIDIL	PROBENECID	0.00354702182755614	M1	pbta_qSig
NALTREXONE	SIROLIMUS	0.00352468623856717	M1	pbta_qSig
AXITINIB	CABERGOLINE	0.00352191190497708	M4	pbta_qSig
CLOZAPINE	BOSUTINIB	0.00348100094192777	M6	pbta_qSig
TOLAZAMIDE	PROBENECID	0.00347353831884899	M1	pbta_qSig
TETRABENAZINE	AXITINIB	0.00341487703673173	M4	pbta_hgg_qSig
AXITINIB	ADAPALENE	0.00338602089848191	M4	pbta_qSig
PENTOXIFYLLINE	CABERGOLINE	0.00337754508274364	M4	pbta_qSig
FELBAMATE	ADAPALENE	0.00337240939491629	M1	pbta_qSig
NALTREXONE	TOLCAPONE	0.00337022871747528	M1	pbta_qSig
BOSUTINIB	FELBAMATE	0.00333983717274589	M4	pbta_qSig
TOLCAPONE	FELBAMATE	0.00333173931781666	M6	pbta_qSig
SIROLIMUS	VORINOSTAT	0.00330932966833391	M1	gtex_qSig
OXAPROZIN	FELBAMATE	0.00328577830585482	M1	pbta_qSig
GLIMEPIRIDE	PROBENECID	0.00327505041491476	M1	pbta_qSig
PENTOXIFYLLINE	ADAPALENE	0.00326752270015124	M4	pbta_qSig
PACLITAXEL	TOLCAPONE	0.00322301717443924	M6	pbta_qSig
CHLORPROTHIXENE	BOSUTINIB	0.00321962147255634	M6	pbta_qSig
AXITINIB	AMOXAPINE	0.00321045000000204	M4	pbta_qSig
BELINOSTAT	TENIPOSIDE	0.00320926630868947	M4	gtex_qSig
PHENTERMINE	TOLAZAMIDE	0.00320188196715077	M1	pbta_hgg_qSig
PENTOXIFYLLINE	AMOXAPINE	0.003162931272379	M4	pbta_qSig
AXITINIB	PROBENECID	0.00316028617191645	M4	pbta_qSig
CLOZAPINE	CAFFEINE	0.00313486061938911	M6	gtex_qSig
PENTOXIFYLLINE	PROBENECID	0.00304968785347449	M4	pbta_qSig
SIROLIMUS	PHENTERMINE	0.00303149398542368	M1	pbta_hgg_qSig
SIROLIMUS	TOLCAPONE	0.0030035424616219	M1	pbta_qSig
NALTREXONE	FELBAMATE	0.00295902448641987	M6	pbta_qSig
AXITINIB	AMOXAPINE	0.00294449643642724	M6	pbta_qSig
BELINOSTAT	ETOPOSIDE	0.00288833967782052	M4	gtex_qSig
FELBAMATE	CABERGOLINE	0.00272996164536474	M4	pbta_qSig
ADAPALENE	PROBENECID	0.00272029042432987	M1	pbta_qSig
BOSUTINIB	FELBAMATE	0.00263737753996956	M1	pbta_qSig
FELBAMATE	ADAPALENE	0.00263093325696046	M4	pbta_qSig
DANAZOL	BOSUTINIB	0.00262243099216202	M5	pbta_qSig
CLOZAPINE	FELBAMATE	0.00261706329341675	M6	pbta_qSig
CHLORPROMAZINE	TETRABENAZINE	0.00259814641571802	M4	pbta_hgg_qSig
NALTREXONE	FELBAMATE	0.00256579903151248	M5	pbta_qSig
OXAPROZIN	PROBENECID	0.00255599029361527	M1	pbta_qSig
CHLORPROMAZINE	DIAZOXIDE	0.0025442067179076	M9	pbta_hgg_qSig
FELBAMATE	AMOXAPINE	0.00251465592748579	M4	pbta_qSig
BELINOSTAT	CABERGOLINE	0.0024784467069601	M4	gtex_qSig
DANAZOL	NALTREXONE	0.00247018974676106	M5	pbta_qSig
AXITINIB	PHENTERMINE	0.0024665515427274	M6	pbta_hgg_qSig
FELBAMATE	PROBENECID	0.00245553770649643	M4	pbta_qSig
CHLORPROTHIXENE	FELBAMATE	0.00245397934471743	M6	pbta_qSig
PINACIDIL	BOSUTINIB	0.00236550875596626	M5	pbta_qSig
CLOFIBRATE	VORINOSTAT	0.00236175804308438	M1	gtex_qSig
BOSUTINIB	FELBAMATE	0.00229591538426777	M5	pbta_qSig
NALTREXONE	PINACIDIL	0.00226042120144527	M5	pbta_qSig
TOLAZAMIDE	BOSUTINIB	0.00225798563069507	M5	pbta_qSig
CAFFEINE	THIORIDAZINE	0.00225237021224681	M6	gtex_qSig
NALTREXONE	FELBAMATE	0.00224333405732365	M1	pbta_qSig
CLOFIBRATE	VORINOSTAT	0.00221363583547841	M5	gtex_qSig
PACLITAXEL	CHLORPROTHIXENE	0.00220460515258143	M6	pbta_qSig
BOSUTINIB	AMOXAPINE	0.00220335415754786	M6	pbta_qSig
NALTREXONE	PACLITAXEL	0.00219519769803082	M6	pbta_qSig
PACLITAXEL	CLOZAPINE	0.00219285480952272	M6	pbta_qSig
NALTREXONE	TOLAZAMIDE	0.00215767478319776	M5	pbta_qSig
FLUTAMIDE	VORINOSTAT	0.00215087519481562	M1	gtex_qSig
VORINOSTAT	CAFFEINE	0.00213533487221539	M1	gtex_qSig
NALTREXONE	TOLCAPONE	0.00209956177268711	M6	pbta_qSig
CLOFIBRATE	FLUTAMIDE	0.00209820193357149	M5	gtex_qSig
TOLCAPONE	CLOZAPINE	0.00206626343038897	M6	pbta_qSig
TOLCAPONE	CHLORPROTHIXENE	0.00206110029240681	M6	pbta_qSig
GLIMEPIRIDE	BOSUTINIB	0.00204293938015268	M5	pbta_qSig
BOSUTINIB	PROBENECID	0.00203719558605729	M1	pbta_qSig
NALTREXONE	GLIMEPIRIDE	0.00195218194670273	M5	pbta_qSig
SIROLIMUS	FELBAMATE	0.00195037348054123	M1	pbta_qSig
TOLCAPONE	FELBAMATE	0.00191985764558072	M1	pbta_qSig
DIAZOXIDE	AXITINIB	0.0019081550384307	M9	pbta_hgg_qSig
CLOFIBRATE	THIORIDAZINE	0.00188490128745037	M5	gtex_qSig
NALTREXONE	AMOXAPINE	0.0018445285405077	M5	pbta_qSig
SIROLIMUS	CAFFEINE	0.00180468500584906	M1	gtex_qSig
CLOFIBRATE	SIROLIMUS	0.00179724723919634	M1	gtex_qSig
CHLORPROMAZINE	TETRABENAZINE	0.00178845310743374	M5	pbta_hgg_qSig
BOSUTINIB	AMOXAPINE	0.0017760428771584	M5	pbta_qSig
SIROLIMUS	FLUTAMIDE	0.00172895300089996	M1	gtex_qSig
FELBAMATE	AMOXAPINE	0.00163717181996307	M6	pbta_qSig
NALTREXONE	PROBENECID	0.00154616313721592	M1	pbta_qSig
DANAZOL	FELBAMATE	0.00152231800199223	M5	pbta_qSig
BOSUTINIB	ZAFIRLUKAST	0.00146617540190273	M5	pbta_qSig
VORINOSTAT	NICOTINE	0.00145115032586038	M1	gtex_qSig
NALTREXONE	ZAFIRLUKAST	0.00143826559728348	M5	pbta_qSig
DIAZOXIDE	TETRABENAZINE	0.00141422804118236	M5	pbta_hgg_qSig
PINACIDIL	FELBAMATE	0.00139379873193787	M5	pbta_qSig
TOLCAPONE	PROBENECID	0.0013586339804409	M1	pbta_qSig
CLOZAPINE	CHLORPROTHIXENE	0.00133375878581567	M6	pbta_qSig
TOLAZAMIDE	FELBAMATE	0.00133044424412251	M5	pbta_qSig
CHLORPROMAZINE	DIAZOXIDE	0.00131948463708994	M6	pbta_hgg_qSig
SIROLIMUS	PROBENECID	0.0012979638209765	M1	pbta_qSig
PACLITAXEL	AMOXAPINE	0.0012859335007425	M6	pbta_qSig
NALTREXONE	CHLORPROTHIXENE	0.00126879228856613	M6	pbta_qSig
TOLCAPONE	AMOXAPINE	0.00122109143749844	M6	pbta_qSig
GLIMEPIRIDE	FELBAMATE	0.00120373526849179	M5	pbta_qSig
TETRABENAZINE	ZAFIRLUKAST	0.00117291380299962	M5	pbta_hgg_qSig
SIROLIMUS	NICOTINE	0.00115791091433614	M1	gtex_qSig
FELBAMATE	AMOXAPINE	0.00114076200756659	M5	pbta_qSig
NALTREXONE	CLOZAPINE	0.00109357515974043	M6	pbta_qSig
CLOZAPINE	THIORIDAZINE	0.00102596829678128	M6	gtex_qSig
CHLORPROMAZINE	DIAZOXIDE	0.0010208379634631	M5	pbta_hgg_qSig
CHLORPROMAZINE	ZAFIRLUKAST	0.000898279021457963	M5	pbta_hgg_qSig
TETRABENAZINE	DANAZOL	0.000893007252264619	M5	pbta_hgg_qSig
FLUTAMIDE	CAFFEINE	0.000890697252498902	M1	gtex_qSig
FELBAMATE	ZAFIRLUKAST	0.000887709691640784	M5	pbta_qSig
CLOZAPINE	THIORIDAZINE	0.000883127210664823	M4	gtex_qSig
CLOFIBRATE	CAFFEINE	0.000849720202566939	M1	gtex_qSig
CHLORPROTHIXENE	BOSUTINIB	0.000849270313998666	M4	pbta_qSig
DANAZOL	AMOXAPINE	0.000847687195362241	M5	pbta_qSig
TETRABENAZINE	TOLAZAMIDE	0.000824966357356377	M5	pbta_hgg_qSig
FELBAMATE	PROBENECID	0.000804096572161352	M1	pbta_qSig
CHLORPROMAZINE	PHENTERMINE	0.00079843296896777	M6	pbta_hgg_qSig
PINACIDIL	AMOXAPINE	0.000796513029424499	M5	pbta_qSig
CHLORPROTHIXENE	AMOXAPINE	0.00076208329205057	M6	pbta_qSig
CLOZAPINE	CHLORPROTHIXENE	0.000761379845468498	M4	pbta_qSig
TOLAZAMIDE	AMOXAPINE	0.000760307891723385	M5	pbta_qSig
VORINOSTAT	THIORIDAZINE	0.000733765856328	M5	gtex_qSig
TOLCAPONE	BOSUTINIB	0.000731418395356055	M9	pbta_qSig
CHLORPROTHIXENE	AMOXAPINE	0.000727978055312457	M4	pbta_qSig
GLIMEPIRIDE	AMOXAPINE	0.000687897616321158	M5	pbta_qSig
CLOZAPINE	AMOXAPINE	0.000684371116258089	M6	pbta_qSig
FLUTAMIDE	VORINOSTAT	0.000672159821135215	M5	gtex_qSig
DANAZOL	PINACIDIL	0.000667367745172239	M5	pbta_qSig
CAFFEINE	THIORIDAZINE	0.00066513399094264	M4	gtex_qSig
CLOFIBRATE	FLUTAMIDE	0.000648546311413969	M1	gtex_qSig
CLOZAPINE	BOSUTINIB	0.000645490517450861	M4	pbta_qSig
BOSUTINIB	AMOXAPINE	0.000642729270373039	M4	pbta_qSig
DANAZOL	TOLAZAMIDE	0.00063703284766441	M5	pbta_qSig
PINACIDIL	TOLAZAMIDE	0.000636411352203271	M5	pbta_qSig
DIAZOXIDE	ZAFIRLUKAST	0.000635556475859746	M5	pbta_hgg_qSig
THIORIDAZINE	TENIPOSIDE	0.000624389022553947	M4	gtex_qSig
CHLORPROMAZINE	DANAZOL	0.000621690574659606	M5	pbta_hgg_qSig
TOLCAPONE	FELBAMATE	0.000596868615848887	M9	pbta_qSig
CHLORPROMAZINE	TOLAZAMIDE	0.000595488812020143	M5	pbta_hgg_qSig
FLUTAMIDE	THIORIDAZINE	0.000594977307779701	M5	gtex_qSig
BOSUTINIB	FELBAMATE	0.000593221563999209	M9	pbta_qSig
CLOZAPINE	AMOXAPINE	0.000592868616949811	M4	pbta_qSig
CAFFEINE	NICOTINE	0.000590062263986531	M1	gtex_qSig
CLOZAPINE	BOSUTINIB	0.000587779164329492	M9	pbta_qSig
DANAZOL	GLIMEPIRIDE	0.000576363052648752	M5	pbta_qSig
PINACIDIL	GLIMEPIRIDE	0.000575800747231531	M5	pbta_qSig
THIORIDAZINE	ETOPOSIDE	0.000561950120298552	M4	gtex_qSig
AXITINIB	BOSUTINIB	0.000551042966558899	M9	pbta_qSig
TOLAZAMIDE	GLIMEPIRIDE	0.000549627985993734	M5	pbta_qSig
NALTREXONE	AMOXAPINE	0.00054330430613175	M6	pbta_qSig
CHLORPROTHIXENE	ADAPALENE	0.000537547417377645	M4	pbta_qSig
AMOXAPINE	ZAFIRLUKAST	0.000530494716819537	M5	pbta_qSig
TOLCAPONE	CLOZAPINE	0.000530124078282053	M9	pbta_qSig
CHLORPROTHIXENE	BOSUTINIB	0.000514306768788306	M9	pbta_qSig
CHLORPROTHIXENE	PROBENECID	0.000501710922885802	M4	pbta_qSig
DANAZOL	ZAFIRLUKAST	0.00050118925100367	M5	pbta_qSig
TOLCAPONE	AXITINIB	0.000496991323389425	M9	pbta_qSig
FLUTAMIDE	NICOTINE	0.000489271238236745	M1	gtex_qSig
CHLORPROTHIXENE	CABERGOLINE	0.000488032377802711	M4	pbta_qSig
PINACIDIL	ZAFIRLUKAST	0.000487984245709976	M5	pbta_qSig
CLOZAPINE	FELBAMATE	0.00046888366385259	M9	pbta_qSig
TOLAZAMIDE	ZAFIRLUKAST	0.00046580314363225	M5	pbta_qSig
TOLCAPONE	CHLORPROTHIXENE	0.000463858568496796	M9	pbta_qSig
BOSUTINIB	ADAPALENE	0.000455100659062032	M4	pbta_qSig
AXITINIB	FELBAMATE	0.000439578434861803	M9	pbta_qSig
THIORIDAZINE	CABERGOLINE	0.000434269235382739	M4	gtex_qSig
BOSUTINIB	PROBENECID	0.000424760615124563	M4	pbta_qSig
GLIMEPIRIDE	ZAFIRLUKAST	0.000421440939476798	M5	pbta_qSig
ADAPALENE	AMOXAPINE	0.000419170252903349	M4	pbta_qSig
CLOFIBRATE	NICOTINE	0.000417546333397615	M1	gtex_qSig
CLOZAPINE	TENIPOSIDE	0.000410549661391742	M4	gtex_qSig
CHLORPROTHIXENE	FELBAMATE	0.000410273205871016	M9	pbta_qSig
BOSUTINIB	CABERGOLINE	0.000404581354936238	M4	pbta_qSig
DIAZOXIDE	DANAZOL	0.000401757858911852	M5	pbta_hgg_qSig
DIAZOXIDE	TOLAZAMIDE	0.000399085411956782	M5	pbta_hgg_qSig
CLOZAPINE	THIORIDAZINE	0.000397144463283148	M9	gtex_qSig
PROBENECID	AMOXAPINE	0.000391225569376459	M4	pbta_qSig
CABERGOLINE	AMOXAPINE	0.000388716518384549	M4	pbta_qSig
CLOZAPINE	CAFFEINE	0.000385581438605604	M4	gtex_qSig
ZAFIRLUKAST	DANAZOL	0.000382949501175049	M5	pbta_hgg_qSig
ZAFIRLUKAST	TOLAZAMIDE	0.000370741277584852	M5	pbta_hgg_qSig
CLOZAPINE	ETOPOSIDE	0.000369494695252567	M4	gtex_qSig
CLOZAPINE	AXITINIB	0.000351662747889446	M9	pbta_qSig
CLOZAPINE	ADAPALENE	0.000349817462961011	M4	pbta_qSig
CLOZAPINE	TENIPOSIDE	0.000340409539956984	M9	gtex_qSig
CHLORPROMAZINE	AXITINIB	0.000340409539956984	M9	pbta_hgg_qSig
CLOZAPINE	CHLORPROTHIXENE	0.000328218564696816	M9	pbta_qSig
CLOZAPINE	PROBENECID	0.00032649629876361	M4	pbta_qSig
AXITINIB	CHLORPROTHIXENE	0.000307704904403265	M9	pbta_qSig
THIORIDAZINE	TENIPOSIDE	0.000297858347462361	M9	gtex_qSig
CLOZAPINE	ETOPOSIDE	0.00028367461663082	M9	gtex_qSig
CLOZAPINE	CABERGOLINE	0.000278802721084605	M4	pbta_qSig
CAFFEINE	TENIPOSIDE	0.000268415901012343	M4	gtex_qSig
TENIPOSIDE	ETOPOSIDE	0.000258675223115232	M4	gtex_qSig
THIORIDAZINE	ETOPOSIDE	0.000248215289551967	M9	gtex_qSig
CLOZAPINE	CABERGOLINE	0.000245404478454678	M4	gtex_qSig
CAFFEINE	ETOPOSIDE	0.000241574310911108	M4	gtex_qSig
DANAZOL	TOLAZAMIDE	0.000234358751031914	M5	pbta_hgg_qSig
ADAPALENE	PROBENECID	0.00022857297821622	M4	pbta_qSig
DIAZOXIDE	PHENTERMINE	0.000217438281486182	M6	pbta_hgg_qSig
TENIPOSIDE	ETOPOSIDE	0.000212755962473115	M9	gtex_qSig
CABERGOLINE	ADAPALENE	0.000193843470765819	M4	pbta_qSig
CABERGOLINE	PROBENECID	0.000180920572714764	M4	pbta_qSig
TENIPOSIDE	CABERGOLINE	0.00017062263833033	M4	gtex_qSig
ETOPOSIDE	CABERGOLINE	0.000153560374497297	M4	gtex_qSig
CAFFEINE	CABERGOLINE	0.00014355964881669	M4	gtex_qSig
